Post Code ,days_to_install
2584,1.1238390092879258
2626,3.0
2722,3.25
2581,4.907536907536907
2081,9.943693693693694
2586,15.943589743589744
2587,17.045230831808013
2582,27.315068493150687
